X,Y,Z,sigmaX,sigmaY,sigmaZ,offset
CODE25,-60.8940,-5.6802,-1.7753,0.0003,0.0003,0.0004,0.0000
CODE26,1.8280,15.2227,0.0107,0.0003,0.0003,0.0004,0.0000
CODE29,-46.7182,-6.3539,-1.6759,0.0003,0.0003,0.0003,0.0000
CODE30,-44.0459,-25.2299,-2.6395,0.0004,0.0003,0.0004,0.0000
CODE31,-30.4587,15.2856,-0.2113,0.0004,0.0003,0.0004,0.0000
CODE32,1.6880,-25.6567,-0.1029,0.0003,0.0003,0.0004,0.0000
CODE36,-77.6635,-5.1562,-2.1012,0.0003,0.0003,0.0004,0.0000
CODE38,29.9407,-25.0639,-0.1342,0.0004,0.0003,0.0004,0.0000
CODE42,-78.6989,-25.3280,-2.9008,0.0004,0.0003,0.0005,0.0000
CODE43,29.9552,15.4963,0.0200,0.0004,0.0003,0.0004,0.0000
CODE45,-30.2104,-25.0173,-0.3440,0.0003,0.0002,0.0004,0.0000
CODE46,-61.5320,-24.9977,-2.8539,0.0004,0.0002,0.0004,0.0000
CODE133,-71.6804,-27.9222,-0.5892,0.0004,0.0003,0.0004,0.0000
CODE134,-48.3316,-28.1085,-0.4995,0.0004,0.0003,0.0005,0.0000
CSB-045-1,-78.3804,-27.7841,-0.8886,0.0004,0.0003,0.0004,0.0000
CSB-045-2,-76.8500,-27.7868,-0.8822,0.0004,0.0002,0.0004,0.0000
CSB-045-3,-75.2924,-27.7993,-0.8753,0.0004,0.0002,0.0004,0.0000
CSB-045-4,-73.7446,-27.8060,-0.8693,0.0004,0.0002,0.0004,0.0000
CSB-045-5,-46.1486,-28.0269,-0.7661,0.0005,0.0003,0.0005,0.0000
CSB-045-6,-44.6273,-28.0252,-0.7627,0.0004,0.0003,0.0005,0.0000
CSB-045-7,-43.1080,-28.0470,-0.7554,0.0004,0.0003,0.0005,0.0000
CSB-045-8,-41.5265,-28.0504,-0.7497,0.0004,0.0003,0.0004,0.0000
NUGGET133_1,-72.2830,-27.3554,-0.5649,0.0004,0.0003,0.0004,0.0000
NUGGET133_5,-71.6938,-27.1518,-0.5561,0.0004,0.0003,0.0004,0.0000
NUGGET133_15,-71.0635,-27.9615,-0.5886,0.0004,0.0003,0.0004,0.0000
NUGGET133_A,-70.8908,-27.1626,-0.5535,0.0004,0.0003,0.0004,0.0000
NUGGET133_B,-71.7144,-28.5341,-0.6198,0.0004,0.0003,0.0004,0.0000
NUGGET133_C,-72.3038,-28.5258,-0.6198,0.0004,0.0003,0.0004,0.0000
NUGGET133_D,-72.2936,-27.9415,-0.5910,0.0004,0.0003,0.0004,0.0000
NUGGET134_2,-48.9379,-27.3261,-0.4722,0.0004,0.0003,0.0005,0.0000
NUGGET134_5,-48.3479,-27.3408,-0.4731,0.0004,0.0003,0.0005,0.0000
NUGGET134_15,-47.7172,-28.1428,-0.4977,0.0004,0.0003,0.0005,0.0000
NUGGET134_A,-47.5427,-27.3439,-0.4654,0.0004,0.0003,0.0005,0.0000
NUGGET134_B,-48.3660,-28.7199,-0.5272,0.0004,0.0003,0.0005,0.0000
NUGGET134_C,-48.9526,-28.7131,-0.5295,0.0004,0.0003,0.0005,0.0000
NUGGET134_D,-48.9454,-28.1296,-0.5036,0.0004,0.0003,0.0005,0.0000
TARGET1,4.4302,-35.6146,-2.8789,0.0004,0.0003,0.0004,0.0000
TARGET2,-8.9572,-23.3724,-0.1387,0.0003,0.0003,0.0004,0.0000
TARGET3,-14.2921,-20.3994,-0.1555,0.0003,0.0003,0.0004,0.0000
TARGET4,-11.5057,-15.9290,-0.1084,0.0003,0.0003,0.0004,0.0000
TARGET5,-15.8575,-14.5718,-0.1336,0.0003,0.0003,0.0004,0.0000
TARGET6,4.2861,-12.8956,-0.0268,0.0003,0.0003,0.0004,0.0000
TARGET7,-11.1315,-12.1922,-0.0878,0.0003,0.0003,0.0004,0.0000
TARGET8,-19.2589,-11.9181,-0.1501,0.0003,0.0003,0.0004,0.0000
TARGET9,-13.3582,-7.4058,-0.0837,0.0003,0.0003,0.0004,0.0000
TARGET10,-9.5216,-5.4536,-0.0547,0.0003,0.0003,0.0004,0.0000
TARGET11,-6.3773,-4.6225,-0.0345,0.0003,0.0003,0.0004,0.0000
TARGET12,-12.7335,-1.9509,-0.0672,0.0003,0.0003,0.0004,0.0000
TARGET13,-14.1087,0.8107,-0.0717,0.0003,0.0003,0.0004,0.0000
TARGET14,-10.2189,1.1137,-0.0462,0.0003,0.0003,0.0004,0.0000
TARGET15,-12.8954,6.1677,-0.0601,0.0003,0.0003,0.0004,0.0000
TARGET16,23.9868,-22.9778,-0.0987,0.0003,0.0003,0.0004,0.0000
TARGET17,18.1287,-20.8158,-0.0687,0.0003,0.0003,0.0004,0.0000
TARGET18,22.2730,-18.9514,-0.0665,0.0004,0.0003,0.0004,0.0000
TARGET19,26.1720,-16.6018,-0.0633,0.0003,0.0003,0.0004,0.0000
TARGET20,29.2624,-14.1444,-0.0602,0.0004,0.0003,0.0004,0.0000
TARGET21,12.0947,-18.3806,-0.0470,0.0003,0.0003,0.0004,0.0000
TARGET22,8.8634,-18.8266,-0.0511,0.0003,0.0003,0.0004,0.0000
TARGET23,25.2181,-13.9029,-0.0450,0.0003,0.0003,0.0004,0.0000
TARGET24,13.5602,-14.5997,-0.0256,0.0003,0.0003,0.0004,0.0000
TARGET25,21.4117,-11.4120,-0.0196,0.0003,0.0003,0.0004,0.0000
TARGET26,27.8482,-9.3201,-0.0289,0.0004,0.0003,0.0004,0.0000
TARGET27,17.9981,-10.6477,-0.0099,0.0003,0.0003,0.0004,0.0000
TARGET28,12.1538,-11.1187,-0.0092,0.0003,0.0003,0.0004,0.0000
TARGET29,14.3962,-6.8709,0.0075,0.0003,0.0003,0.0004,0.0000
TARGET30,23.3210,-3.0416,0.0091,0.0003,0.0003,0.0004,0.0000
TARGET31,6.3563,-6.9724,0.0012,0.0003,0.0003,0.0004,0.0000
TARGET32,10.1210,-5.5854,0.0101,0.0003,0.0003,0.0004,0.0000
TARGET33,26.5278,-1.5592,0.0058,0.0004,0.0003,0.0004,0.0000
TARGET34,16.2828,-1.9029,0.0216,0.0003,0.0003,0.0004,0.0000
TARGET35,19.1152,0.5426,0.0246,0.0003,0.0003,0.0004,0.0000
TARGET36,11.3102,-0.4986,0.0226,0.0003,0.0003,0.0004,0.0000
TARGET37,13.9397,1.6874,0.0286,0.0003,0.0003,0.0004,0.0000
TARGET38,24.2747,4.0413,0.0230,0.0003,0.0003,0.0004,0.0000
TARGET39,23.1045,6.7846,0.0285,0.0003,0.0003,0.0004,0.0000
TARGET40,20.5840,8.5299,0.0322,0.0003,0.0003,0.0004,0.0000
TARGET41,18.5193,14.3955,0.0330,0.0003,0.0003,0.0004,0.0000
TARGET42,42.1598,-17.6613,-2.0958,0.0004,0.0003,0.0004,0.0000
TARGET43,42.4741,-10.5256,-1.8301,0.0004,0.0003,0.0004,0.0000
TARGET44,44.0583,-1.2919,-1.4366,0.0004,0.0003,0.0004,0.0000
TARGET45,13.1526,-42.1693,-2.9909,0.0004,0.0003,0.0005,0.0000
TARGET46,11.7245,-34.7999,-2.7645,0.0004,0.0003,0.0004,0.0000
TARGET47,51.4260,-18.9236,-1.9359,0.0004,0.0003,0.0004,0.0000
TARGET48,46.8343,-17.5572,-1.9791,0.0004,0.0003,0.0004,0.0000
TARGET49,47.8761,-12.4840,-1.7756,0.0004,0.0003,0.0004,0.0000
TARGET50,25.2047,8.5106,0.0245,0.0004,0.0003,0.0004,0.0000
TARGET51,26.8273,10.4841,0.0213,0.0004,0.0003,0.0004,0.0000
TARGET52,37.6526,-12.8660,-2.0092,0.0004,0.0003,0.0004,0.0000
TARGET53,49.4715,-0.3893,-1.2733,0.0004,0.0003,0.0004,0.0000
TARGET54,21.5151,-45.0952,-3.0563,0.0004,0.0003,0.0005,0.0000
TARGET55,27.4208,-41.8111,-2.9567,0.0004,0.0003,0.0005,0.0000
TARGET56,15.3755,-23.6021,-0.0839,0.0003,0.0003,0.0004,0.0000
TARGET57,12.0746,-22.8277,-0.0747,0.0003,0.0003,0.0004,0.0000
TARGET58,7.6329,-23.0860,-0.0793,0.0003,0.0003,0.0004,0.0000
TARGET59,3.9579,-20.9819,-0.0711,0.0003,0.0003,0.0004,0.0000
TARGET60,19.6696,-15.6720,-0.0390,0.0003,0.0003,0.0004,0.0000
TARGET61,7.0710,-12.4256,-0.0185,0.0003,0.0003,0.0004,0.0000
TARGET62,24.1677,-7.3513,-0.0087,0.0004,0.0003,0.0004,0.0000
TARGET63,10.0017,-8.3352,0.0007,0.0003,0.0003,0.0004,0.0000
TARGET64,29.7399,-0.0000,0.0000,0.0004,0.0003,0.0004,0.0000
TARGET65,7.7900,1.8576,0.0225,0.0003,0.0003,0.0004,0.0000
TARGET66,20.1899,3.9334,0.0288,0.0003,0.0003,0.0004,0.0000
TARGET67,12.2279,5.3250,0.0313,0.0003,0.0003,0.0004,0.0000
TARGET68,16.1272,6.2660,0.0328,0.0003,0.0003,0.0004,0.0000
TARGET69,7.3513,9.7132,0.0232,0.0004,0.0003,0.0004,0.0000
TARGET70,12.1459,14.7181,0.0293,0.0004,0.0003,0.0004,0.0000
TARGET71,19.2886,-37.2422,-2.7964,0.0004,0.0003,0.0004,0.0000
TARGET72,25.7695,-35.6171,-2.7496,0.0004,0.0003,0.0005,0.0000
TARGET73,-3.2238,-21.3291,-0.0951,0.0003,0.0003,0.0004,0.0000
TARGET74,-5.5082,-17.1179,-0.0807,0.0003,0.0003,0.0004,0.0000
TARGET75,-1.5813,-13.0768,-0.0436,0.0003,0.0003,0.0004,0.0000
TARGET76,-7.1952,-13.2339,-0.0706,0.0003,0.0003,0.0004,0.0000
TARGET77,19.3387,-5.8687,0.0073,0.0004,0.0003,0.0004,0.0000
TARGET78,0.8440,-7.0156,-0.0120,0.0003,0.0003,0.0004,0.0000
TARGET79,2.1319,-3.2566,0.0014,0.0003,0.0003,0.0004,0.0000
TARGET80,-2.3237,-2.8557,-0.0131,0.0003,0.0003,0.0004,0.0000
TARGET81,7.6992,-1.6980,0.0164,0.0003,0.0003,0.0004,0.0000
TARGET82,-5.4532,-1.0604,-0.0230,0.0003,0.0003,0.0004,0.0000
TARGET83,0.0000,-0.0000,0.0000,0.0003,0.0003,0.0004,0.0000
TARGET84,4.3399,1.1234,0.0139,0.0003,0.0003,0.0004,0.0000
TARGET85,-2.9953,2.2458,-0.0090,0.0003,0.0003,0.0004,0.0000
TARGET86,-7.3186,3.7751,-0.0278,0.0003,0.0003,0.0004,0.0000
TARGET87,7.4969,6.3901,0.0247,0.0004,0.0003,0.0004,0.0000
TARGET88,1.1088,6.5845,0.0090,0.0003,0.0003,0.0004,0.0000
TARGET89,-5.9836,6.8739,-0.0209,0.0003,0.0003,0.0004,0.0000
TARGET90,4.4748,8.4475,0.0178,0.0003,0.0003,0.0004,0.0000
TARGET91,-9.6675,7.9876,-0.0410,0.0003,0.0003,0.0004,0.0000
TARGET92,-5.2926,10.5938,-0.0188,0.0003,0.0003,0.0004,0.0000
TARGET93,-9.3382,11.5365,-0.0411,0.0003,0.0003,0.0004,0.0000
TARGET94,4.1823,13.5597,0.0145,0.0003,0.0003,0.0004,0.0000
TARGET95,-0.0209,15.0708,0.0000,0.0003,0.0003,0.0004,0.0000
TARGET96,40.8271,-4.8352,-1.6752,0.0004,0.0003,0.0004,0.0000
TARGET97,39.5040,6.5950,-1.2793,0.0004,0.0003,0.0004,0.0000
TARGET98,38.5707,11.1819,-1.0938,0.0004,0.0003,0.0004,0.0000
TARGET99,28.1441,4.6004,0.0149,0.0004,0.0003,0.0004,0.0000
TARGET100,18.4418,10.4239,0.0321,0.0004,0.0003,0.0004,0.0000
TARGET101,24.3160,12.5336,0.0268,0.0004,0.0003,0.0004,0.0000
TARGET102,16.2751,-49.5233,-3.2148,0.0004,0.0003,0.0005,0.0000
TARGET103,-6.0740,14.2394,-0.0263,0.0003,0.0003,0.0004,0.0000
TARGET104,45.7927,-6.1622,-1.5735,0.0004,0.0003,0.0004,0.0000
TARGET105,36.2458,-3.3798,-1.6743,0.0004,0.0003,0.0004,0.0000
TARGET106,38.7238,0.8065,-1.5189,0.0004,0.0003,0.0004,0.0000
TARGET107,36.3508,4.4484,-1.3943,0.0004,0.0003,0.0004,0.0000
TARGET108,44.3732,5.1370,-1.1722,0.0004,0.0003,0.0004,0.0000
TARGET109,49.6745,5.5979,-1.0312,0.0004,0.0003,0.0004,0.0000
TARGET110,43.3984,9.6188,-1.0178,0.0004,0.0003,0.0004,0.0000
TARGET111,49.1622,15.8765,-0.6599,0.0004,0.0004,0.0005,0.0000
TARGET112,-8.7657,-42.9519,-3.3246,0.0004,0.0003,0.0005,0.0000
TARGET113,2.0169,-42.1904,-3.1280,0.0004,0.0003,0.0005,0.0000
TARGET114,-13.9545,-36.1584,-2.9887,0.0004,0.0003,0.0005,0.0000
TARGET115,50.1673,-7.6507,-1.5499,0.0004,0.0003,0.0004,0.0000
TARGET116,12.3058,11.6795,0.0303,0.0004,0.0003,0.0004,0.0000
TARGET117,47.4505,10.7249,-0.8861,0.0004,0.0004,0.0005,0.0000
TARGET118,-7.5103,-38.4978,-3.1971,0.0004,0.0003,0.0005,0.0000
TARGET119,-95.6647,14.8542,-1.8545,0.0004,0.0004,0.0004,0.0000
TARGET120,-79.2776,15.6965,-1.4923,0.0004,0.0004,0.0004,0.0000
TARGET121,-91.4834,11.1175,-1.8841,0.0004,0.0003,0.0004,0.0000
TARGET122,-71.5404,15.8674,-1.4217,0.0004,0.0003,0.0004,0.0000
TARGET123,-95.5086,6.8086,-2.1735,0.0004,0.0003,0.0004,0.0000
TARGET124,-87.1767,7.0284,-1.9487,0.0003,0.0003,0.0004,0.0000
TARGET125,-90.7745,5.5637,-2.0887,0.0003,0.0003,0.0004,0.0000
TARGET126,-44.4982,15.9021,-1.2595,0.0003,0.0003,0.0004,0.0000
TARGET127,-49.4520,14.0584,-1.4597,0.0003,0.0003,0.0004,0.0000
TARGET128,-96.0696,1.9151,-2.3916,0.0003,0.0003,0.0004,0.0000
TARGET129,-92.6501,1.8469,-2.2843,0.0004,0.0003,0.0004,0.0000
TARGET130,-83.5725,4.1085,-2.0021,0.0004,0.0003,0.0004,0.0000
TARGET131,-74.3696,5.9709,-1.8243,0.0003,0.0003,0.0004,0.0000
TARGET132,-61.6508,8.5525,-1.7776,0.0003,0.0003,0.0004,0.0000
TARGET133,-85.5430,1.5988,-2.1374,0.0003,0.0003,0.0004,0.0000
TARGET134,-75.3632,1.5974,-2.0196,0.0003,0.0003,0.0004,0.0000
TARGET135,-45.8882,7.1815,-1.6251,0.0004,0.0003,0.0004,0.0000
TARGET136,-55.6769,2.9221,-2.0805,0.0003,0.0003,0.0004,0.0000
TARGET137,-91.1534,-8.0013,-2.6294,0.0003,0.0003,0.0004,0.0000
TARGET138,-87.1485,-7.9955,-2.5473,0.0003,0.0003,0.0004,0.0000
TARGET139,-44.1628,0.6668,-1.8385,0.0003,0.0003,0.0004,0.0000
TARGET140,-72.8521,-6.2382,-2.0537,0.0003,0.0003,0.0004,0.0000
TARGET141,-62.7576,-7.6109,-1.9342,0.0003,0.0003,0.0004,0.0000
TARGET142,-89.6995,-13.8934,-2.8257,0.0003,0.0003,0.0004,0.0000
TARGET143,-67.9156,-10.2656,-2.1767,0.0003,0.0003,0.0004,0.0000
TARGET144,-50.6210,-7.7090,-1.7794,0.0004,0.0003,0.0004,0.0000
TARGET145,-63.6906,-10.4604,-2.1178,0.0003,0.0003,0.0004,0.0000
TARGET146,-53.5105,-8.9882,-1.8806,0.0003,0.0003,0.0004,0.0000
TARGET147,-60.6681,-10.4020,-2.0641,0.0003,0.0003,0.0004,0.0000
TARGET148,-49.5057,-8.3867,-1.8159,0.0004,0.0003,0.0004,0.0000
TARGET149,-73.8596,-13.2622,-2.4136,0.0004,0.0003,0.0004,0.0000
TARGET150,-44.6682,-8.5026,-1.8109,0.0004,0.0003,0.0004,0.0000
TARGET151,-63.0790,-12.0438,-2.1964,0.0003,0.0003,0.0004,0.0000
TARGET152,-75.9498,-14.4004,-2.4909,0.0003,0.0003,0.0004,0.0000
TARGET153,-57.4160,-11.8544,-2.0994,0.0003,0.0003,0.0004,0.0000
TARGET154,-48.8312,-10.9723,-1.9679,0.0004,0.0003,0.0004,0.0000
TARGET155,-66.0125,-14.3699,-2.3614,0.0003,0.0003,0.0004,0.0000
TARGET156,-97.3035,-19.8599,-3.2297,0.0004,0.0003,0.0004,0.0000
TARGET157,-91.4228,-18.9982,-3.0403,0.0003,0.0003,0.0004,0.0000
TARGET158,-70.4944,-15.9808,-2.4928,0.0003,0.0003,0.0004,0.0000
TARGET159,-59.8944,-15.2420,-2.3261,0.0003,0.0003,0.0004,0.0000
TARGET160,-68.0646,-16.9375,-2.5114,0.0003,0.0003,0.0004,0.0000
TARGET161,-53.4928,-15.4273,-2.2573,0.0004,0.0003,0.0004,0.0000
TARGET162,-65.0540,-17.3589,-2.5016,0.0003,0.0003,0.0004,0.0000
TARGET163,-43.9626,-14.0259,-2.1157,0.0004,0.0003,0.0004,0.0000
TARGET164,-48.3467,-15.2343,-2.2029,0.0004,0.0003,0.0004,0.0000
TARGET165,-63.0800,-18.2830,-2.5283,0.0004,0.0003,0.0004,0.0000
TARGET166,-77.8685,-20.8915,-2.7558,0.0004,0.0003,0.0004,0.0000
TARGET167,-68.9416,-19.8266,-2.6519,0.0004,0.0003,0.0004,0.0000
TARGET168,-52.5377,-17.4300,-2.3586,0.0004,0.0003,0.0004,0.0000
TARGET169,-58.2717,-18.3771,-2.4772,0.0004,0.0003,0.0004,0.0000
TARGET170,-60.1227,-19.3998,-2.5545,0.0003,0.0003,0.0004,0.0000
TARGET171,-49.1755,-18.3491,-2.3765,0.0004,0.0003,0.0004,0.0000
TARGET172,-67.7013,-21.4739,-2.7205,0.0004,0.0003,0.0004,0.0000
TARGET173,-46.2912,-18.4598,-2.3547,0.0004,0.0003,0.0004,0.0000
TARGET174,-74.0007,-22.8249,-2.7957,0.0004,0.0003,0.0004,0.0000
TARGET175,-60.0901,-21.0532,-2.6408,0.0003,0.0002,0.0004,0.0000
TARGET176,-72.8218,-23.3901,-2.8129,0.0003,0.0003,0.0004,0.0000
TARGET177,-49.2788,-20.3644,-2.4839,0.0004,0.0003,0.0004,0.0000
TARGET178,-66.5644,-23.0131,-2.7844,0.0004,0.0003,0.0004,0.0000
TARGET179,-44.9342,-20.3837,-2.4354,0.0004,0.0003,0.0004,0.0000
TARGET180,-76.1409,-25.1631,-2.8882,0.0004,0.0003,0.0004,0.0000
TARGET181,-51.3407,-21.9640,-2.5916,0.0004,0.0002,0.0004,0.0000
TARGET182,-57.3149,-23.9671,-2.7658,0.0003,0.0002,0.0004,0.0000
TARGET186,-94.8633,10.1970,-2.0077,0.0004,0.0003,0.0004,0.0000
TARGET187,-76.0195,13.3892,-1.5379,0.0003,0.0003,0.0004,0.0000
TARGET188,-74.1716,10.1938,-1.6475,0.0003,0.0003,0.0004,0.0000
TARGET189,-80.9026,6.3403,-1.8714,0.0003,0.0003,0.0004,0.0000
TARGET190,-89.8968,-3.0631,-2.4127,0.0003,0.0003,0.0004,0.0000
TARGET191,-94.9099,-8.9415,-2.7608,0.0003,0.0003,0.0004,0.0000
TARGET192,-74.3216,-6.6486,-2.1043,0.0004,0.0003,0.0004,0.0000
TARGET193,-95.9962,-15.3288,-3.0350,0.0004,0.0003,0.0004,0.0000
TARGET194,-70.6184,13.4811,-1.5060,0.0003,0.0003,0.0004,0.0000
TARGET195,-84.4586,11.2229,-1.7297,0.0003,0.0003,0.0004,0.0000
TARGET196,-63.8695,11.9275,-1.6038,0.0003,0.0003,0.0004,0.0000
TARGET197,-50.7043,8.5267,-1.7031,0.0003,0.0003,0.0004,0.0000
TARGET198,-39.8670,5.5723,-1.5644,0.0003,0.0003,0.0003,0.0000
TARGET199,-79.7343,0.7778,-2.0930,0.0004,0.0003,0.0004,0.0000
TARGET200,-67.2071,1.6047,-2.0004,0.0003,0.0003,0.0004,0.0000
TARGET201,-96.1351,-3.0117,-2.5766,0.0003,0.0003,0.0004,0.0000
TARGET202,-85.6817,-3.4642,-2.3447,0.0003,0.0003,0.0004,0.0000
TARGET203,-85.8556,-13.3185,-2.7252,0.0004,0.0003,0.0004,0.0000
TARGET204,-55.6435,-14.5496,-2.2307,0.0004,0.0003,0.0004,0.0000
TARGET205,-87.7519,-18.6461,-2.9553,0.0004,0.0003,0.0004,0.0000
TARGET206,-84.7374,-20.2090,-2.9499,0.0004,0.0003,0.0005,0.0000
TARGET207,-75.4391,-20.5958,-2.7243,0.0004,0.0003,0.0004,0.0000
TARGET208,-65.0239,-24.3266,-2.8387,0.0004,0.0003,0.0004,0.0000
TARGET210,-26.7112,-35.6647,-2.9261,0.0004,0.0003,0.0005,0.0000
TARGET211,36.9402,15.6222,-0.9235,0.0004,0.0004,0.0005,0.0000
TARGET212,-87.7509,15.0060,-1.6624,0.0004,0.0004,0.0004,0.0000
TARGET213,-44.1984,11.4659,-1.4143,0.0004,0.0003,0.0004,0.0000
TARGET214,-75.8070,-7.3779,-2.1744,0.0004,0.0003,0.0004,0.0000
TARGET215,-79.2759,10.3627,-1.6875,0.0004,0.0003,0.0004,0.0000
TARGET216,-55.9539,11.8610,-1.7037,0.0004,0.0003,0.0004,0.0000
TARGET217,-39.7683,9.8181,-1.3967,0.0003,0.0003,0.0004,0.0000
TARGET218,-59.7246,2.5752,-2.0661,0.0004,0.0003,0.0004,0.0000
TARGET219,-51.4997,-13.7415,-2.1435,0.0004,0.0003,0.0004,0.0000
TARGET220,-61.0043,15.7977,-1.4803,0.0004,0.0004,0.0004,0.0000
TARGET221,-39.5167,16.7153,-1.1466,0.0003,0.0003,0.0004,0.0000
TARGET222,-22.4490,15.0771,-0.1418,0.0004,0.0003,0.0004,0.0000
TARGET223,-18.2105,14.9499,-0.1080,0.0003,0.0003,0.0004,0.0000
TARGET224,-24.7056,12.1305,-0.1591,0.0003,0.0003,0.0004,0.0000
TARGET225,-12.3321,13.6619,-0.0617,0.0004,0.0003,0.0004,0.0000
TARGET226,-30.3085,10.0041,-0.2095,0.0003,0.0003,0.0004,0.0000
TARGET227,-21.0280,10.8517,-0.1246,0.0003,0.0003,0.0004,0.0000
TARGET228,-57.0535,5.8427,-1.9689,0.0004,0.0003,0.0004,0.0000
TARGET229,-13.3380,10.2906,-0.0653,0.0003,0.0003,0.0004,0.0000
TARGET230,-26.0157,8.5115,-0.1675,0.0003,0.0003,0.0004,0.0000
TARGET231,-17.1189,9.4806,-0.0929,0.0003,0.0003,0.0004,0.0000
TARGET232,-46.7021,3.8559,-1.7768,0.0004,0.0003,0.0004,0.0000
TARGET233,-23.3069,5.7878,-0.1406,0.0003,0.0003,0.0004,0.0000
TARGET234,-28.6326,4.9602,-0.1917,0.0004,0.0003,0.0004,0.0000
TARGET235,-18.6740,4.7989,-0.1026,0.0003,0.0003,0.0004,0.0000
TARGET236,-37.7977,0.3680,-1.7495,0.0004,0.0003,0.0004,0.0000
TARGET237,-15.6402,2.9361,-0.0800,0.0003,0.0003,0.0004,0.0000
TARGET238,-26.7016,1.3938,-0.1756,0.0004,0.0003,0.0004,0.0000
TARGET239,-29.4126,-1.0043,-0.2080,0.0004,0.0003,0.0004,0.0000
TARGET240,-18.4974,0.1577,-0.1057,0.0003,0.0003,0.0004,0.0000
TARGET241,-24.9239,-2.8358,-0.1667,0.0003,0.0003,0.0004,0.0000
TARGET242,-30.1875,-6.0083,-0.2308,0.0004,0.0003,0.0004,0.0000
TARGET243,-17.9669,-4.8646,-0.1109,0.0003,0.0003,0.0004,0.0000
TARGET244,-25.8130,-6.5277,-0.1867,0.0003,0.0003,0.0004,0.0000
TARGET245,-21.8941,-7.0522,-0.1514,0.0003,0.0003,0.0004,0.0000
TARGET246,-16.9116,-8.9420,-0.1160,0.0003,0.0003,0.0004,0.0000
TARGET247,-27.8393,-10.5602,-0.2257,0.0004,0.0003,0.0004,0.0000
TARGET248,-5.4949,-9.1488,-0.0443,0.0003,0.0003,0.0004,0.0000
TARGET249,-24.2945,-13.6350,-0.2044,0.0003,0.0003,0.0004,0.0000
TARGET250,-30.2409,-15.8259,-0.2812,0.0004,0.0003,0.0004,0.0000
TARGET251,-19.2731,-17.5939,-0.1804,0.0003,0.0003,0.0004,0.0000
TARGET252,-25.4680,-18.3521,-0.2444,0.0003,0.0003,0.0004,0.0000
TARGET253,-23.7437,-21.2810,-0.2463,0.0004,0.0003,0.0004,0.0000
TARGET254,-20.1829,-22.7471,-0.2225,0.0003,0.0003,0.0004,0.0000
TARGET255,-24.9171,-49.2841,-3.4184,0.0005,0.0004,0.0007,0.0000
TARGET256,-28.2773,-57.7020,-3.8166,0.0005,0.0004,0.0008,0.0000
TARGET257,-26.4803,-66.9036,-4.3151,0.0005,0.0005,0.0009,0.0000
TARGET260,-62.1978,-73.7105,28.5484,0.0004,0.0003,0.0005,0.0000
TARGET261,-41.1866,-64.4949,29.1134,0.0004,0.0003,0.0004,0.0000
TARGET262,-48.1369,-64.5382,29.0513,0.0003,0.0003,0.0004,0.0000
TARGET263,-56.8173,-64.2292,28.9504,0.0004,0.0003,0.0004,0.0000
TARGET264,-67.7354,-63.5377,28.9261,0.0004,0.0003,0.0004,0.0000
TARGET265,-53.1305,-58.9285,29.2304,0.0004,0.0003,0.0004,0.0000
TARGET266,-48.3630,-56.0820,29.4112,0.0004,0.0003,0.0004,0.0000
TARGET267,-44.4179,-54.8937,29.5024,0.0004,0.0003,0.0004,0.0000
TARGET268,-57.4191,-55.2497,29.3145,0.0004,0.0003,0.0004,0.0000
TARGET269,-69.3805,-58.2668,29.1314,0.0004,0.0003,0.0004,0.0000
TARGET270,-47.3427,-49.7629,29.6880,0.0003,0.0002,0.0003,0.0000
TARGET271,-42.2643,-46.3852,29.8799,0.0003,0.0002,0.0003,0.0000
TARGET272,-64.3250,-51.5419,29.4242,0.0004,0.0003,0.0004,0.0000
TARGET273,-54.4942,-43.0452,29.8711,0.0003,0.0002,0.0003,0.0000
TARGET274,-42.1774,-38.2854,30.2182,0.0003,0.0002,0.0003,0.0000
TARGET275,-49.8807,-37.3933,30.1705,0.0003,0.0002,0.0003,0.0000
TARGET276,-65.2660,-39.2413,29.9157,0.0003,0.0002,0.0004,0.0000
TARGET277,0.4641,-18.9338,-0.0667,0.0003,0.0003,0.0004,0.0000
TARGET278,36.0751,9.5990,-1.1714,0.0005,0.0004,0.0005,0.0000
TARGET279,15.5783,10.9509,0.0323,0.0004,0.0003,0.0004,0.0000
TARGET280,-1.0415,6.6062,0.0006,0.0003,0.0003,0.0004,0.0000
TARGET281,8.6395,12.5067,0.0245,0.0004,0.0003,0.0004,0.0000
TARGET282,-67.8301,7.4989,-1.7592,0.0004,0.0004,0.0005,0.0000
TARGET283,-41.4354,-73.6499,28.7162,0.0004,0.0003,0.0004,0.0000
TARGET284,-55.1758,-75.1369,28.5225,0.0004,0.0003,0.0004,0.0000
TARGET285,-56.8351,-47.2383,29.6545,0.0003,0.0002,0.0003,0.0000
TARGET286,-69.8071,-47.7600,29.5455,0.0004,0.0002,0.0004,0.0000
TARGET287,-63.0785,-45.5180,29.6657,0.0004,0.0002,0.0004,0.0000
TARGET288,-22.6217,0.7582,-0.1388,0.0003,0.0003,0.0004,0.0000
TARGET289,-70.8074,-68.0212,28.7115,0.0004,0.0003,0.0005,0.0000
TARGET290,-73.1124,-62.4232,28.9284,0.0004,0.0003,0.0005,0.0000
TARGET291,36.7888,-19.0283,-2.2088,0.0005,0.0003,0.0005,0.0000
TARGET294,-46.2017,-71.2211,28.7873,0.0004,0.0004,0.0005,0.0000
TARGET295,10.5586,-66.2568,-3.9753,0.0006,0.0004,0.0006,0.0000
TARGET296,0.0657,-65.2385,-4.0548,0.0004,0.0004,0.0006,0.0000
TARGET297,15.8542,-61.9411,-3.7293,0.0007,0.0005,0.0007,0.0000
TARGET298,6.3633,-60.2069,-3.7172,0.0004,0.0003,0.0005,0.0000
TARGET299,-5.8266,-60.0645,-3.9600,0.0005,0.0004,0.0006,0.0000
TARGET300,11.1837,-55.3677,-3.4684,0.0004,0.0003,0.0005,0.0000
TARGET301,28.6943,-50.0513,-3.2385,0.0006,0.0004,0.0006,0.0000
TARGET302,8.7203,-49.8664,-3.2817,0.0004,0.0003,0.0005,0.0000
TARGET303,-20.0774,-40.4240,-3.0965,0.0004,0.0003,0.0006,0.0000
TARGET304,-3.2719,-35.8961,-3.0507,0.0004,0.0003,0.0005,0.0000
TARGET305,43.1935,13.7815,-0.8618,0.0005,0.0004,0.0005,0.0000
TARGET306,-56.4602,-36.2034,30.1307,0.0003,0.0002,0.0003,0.0000
TARGET307,-48.6475,-42.8960,29.9562,0.0003,0.0002,0.0003,0.0000
TARGET308,-39.5974,-42.4035,30.0777,0.0003,0.0002,0.0003,0.0000
TARGET309,-40.6382,-51.1001,29.6975,0.0003,0.0002,0.0003,0.0000
TARGET310,-39.1751,-57.0439,29.4494,0.0004,0.0003,0.0004,0.0000
TARGET311,-45.0570,-60.1240,29.2719,0.0003,0.0003,0.0004,0.0000
TARGET312,-57.5502,-39.9971,29.9537,0.0004,0.0002,0.0003,0.0000
TARGET313,-44.9498,-40.9209,30.0819,0.0003,0.0002,0.0003,0.0000
TARGET314,-54.0420,-51.2653,29.5358,0.0003,0.0002,0.0004,0.0000
TARGET315,20.5062,-65.5682,-3.8933,0.0008,0.0005,0.0007,0.0000
TARGET316,1.1672,-52.5653,-3.4870,0.0004,0.0003,0.0005,0.0000
TARGET317,-5.0051,-50.0308,-3.5399,0.0004,0.0003,0.0005,0.0000
TARGET318,-53.8111,-68.8108,28.8030,0.0004,0.0003,0.0005,0.0000
TARGET319,-66.2339,-68.5701,28.7280,0.0004,0.0003,0.0005,0.0000
TARGET320,-66.4214,-42.7754,29.7663,0.0003,0.0002,0.0004,0.0000
TARGET321,-70.2890,-39.5659,29.8765,0.0004,0.0002,0.0004,0.0000
TARGET322,-51.8575,-73.8814,28.6231,0.0004,0.0003,0.0004,0.0000
TARGET323,-73.3205,-40.7263,29.8089,0.0004,0.0002,0.0004,0.0000
TARGET324,-63.5393,-61.8230,29.0190,0.0004,0.0003,0.0004,0.0000
TARGET325,-66.4917,-55.6257,29.2544,0.0004,0.0003,0.0004,0.0000
TARGET326,-20.0575,-57.6026,-3.8030,0.0005,0.0004,0.0008,0.0000
TARGET327,-12.3421,-52.7785,-3.6307,0.0005,0.0004,0.0008,0.0000
TARGET328,-15.6649,-46.7504,-3.3520,0.0005,0.0004,0.0008,0.0000
TARGET329,-74.1726,-49.8738,29.4306,0.0004,0.0003,0.0005,0.0000
TARGET330,-77.9392,-46.5647,29.5330,0.0004,0.0003,0.0005,0.0000
TARGET331,-75.3361,-44.0078,29.6578,0.0004,0.0003,0.0005,0.0000
TARGET332,-77.0630,-62.6448,28.8870,0.0004,0.0003,0.0005,0.0000
TARGET333,-79.6841,-53.4521,29.2417,0.0004,0.0003,0.0005,0.0000
TARGET334,-75.4284,-54.3891,29.2436,0.0004,0.0003,0.0005,0.0000
TARGET335,-14.1579,-65.7092,-4.2517,0.0006,0.0005,0.0009,0.0000
TARGET336,-80.2443,-38.0803,29.8672,0.0004,0.0002,0.0004,0.0000
TARGET337,24.5200,-61.7502,-3.6992,0.0012,0.0005,0.0009,0.0000
TARGET338,24.7137,-68.5040,-4.0420,0.0013,0.0006,0.0010,0.0000
TARGET339,-79.1498,-73.1963,28.4273,0.0005,0.0004,0.0006,0.0000
TARGET340,-76.4635,-69.7581,28.5901,0.0005,0.0004,0.0006,0.0000
TARGET341,-70.1866,-73.3785,28.4953,0.0005,0.0004,0.0006,0.0000
